ID,XQ-iMet-XQ Pressure,XQ-iMet-XQ Air Temperature,XQ-iMet-XQ Humidity,XQ-iMet-XQ Humidity Temp,Date,Time,XQ-iMet-XQ Longitude,XQ-iMet-XQ Latitude,XQ-iMet-XQ Altitude,XQ-iMet-XQ Sat Count
XQ,+100124,-0168,+0669,-0179,2026/10/07,10:02:30,+0158289238,+0782025199,+00011718,04
XQ,+100126,-0167,+0667,-0179,2026/10/07,10:02:31,+0158291491,+0782025315,+00012662,04
XQ,+100127,-0162,+0667,-0179,2026/10/07,10:02:32,+0158286555,+0782025228,+00004068,04
XQ,+100124,-0166,+0669,-0179,2026/10/07,10:02:33,+0158278234,+0782025062,-00009312,04
XQ,+100125,-0168,+0669,-0179,2026/10/07,10:02:34,+0158270425,+0782024905,-00020759,04
XQ,+100124,-0169,+0671,-0179,2026/10/07,10:02:35,+0158272010,+0782024990,-00017649,04
XQ,+100121,-0171,+0672,-0180,2026/10/07,10:02:36,+0158266334,+0782024867,-00026119,04
XQ,+100121,-0171,+0673,-0180,2026/10/07,10:02:37,+0158269037,+0782024977,-00021873,04
XQ,+100124,-0171,+0673,-0180,2026/10/07,10:02:38,+0158275250,+0782025130,-00011791,04
XQ,+100126,-0171,+0676,-0180,2026/10/07,10:02:39,+0158299288,+0782025820,+00023886,07
XQ,+100127,-0174,+0677,-0180,2026/10/07,10:02:40,+0158299370,+0782025837,+00024138,07
XQ,+100125,-0174,+0680,-0179,2026/10/07,10:02:41,+0158299446,+0782025852,+00024231,07
XQ,+100121,-0176,+0681,-0181,2026/10/07,10:02:42,+0158299683,+0782025849,+00024871,07
XQ,+100123,-0175,+0683,-0180,2026/10/07,10:02:43,+0158299722,+0782025843,+00025567,07
XQ,+100125,-0174,+0684,-0181,2026/10/07,10:02:44,+0158299536,+0782025848,+00025347,07
XQ,+100128,-0177,+0688,-0183,2026/10/07,10:02:45,+0158299516,+0782025851,+00025456,07
XQ,+100122,-0178,+0690,-0183,2026/10/07,10:02:46,+0158299466,+0782025854,+00025558,07
XQ,+100126,-0179,+0693,-0184,2026/10/07,10:02:47,+0158299157,+0782025870,+00024995,07
XQ,+100123,-0181,+0695,-0185,2026/10/07,10:02:48,+0158298954,+0782025887,+00024479,07
XQ,+100125,-0180,+0697,-0185,2026/10/07,10:02:49,+0158298564,+0782025926,+00022895,08
XQ,+100122,-0178,+0697,-0184,2026/10/07,10:02:50,+0158298408,+0782025949,+00022110,08
XQ,+100121,-0177,+0696,-0185,2026/10/07,10:02:51,+0158298327,+0782025967,+00021387,08
XQ,+100124,-0169,+0691,-0184,2026/10/07,10:02:52,+0158298206,+0782025977,+00020849,08
XQ,+100126,-0170,+0690,-0183,2026/10/07,10:02:53,+0158298151,+0782025992,+00020291,08
XQ,+100131,-0170,+0689,-0183,2026/10/07,10:02:54,+0158298123,+0782026001,+00019904,08
XQ,+100124,-0167,+0687,-0183,2026/10/07,10:02:55,+0158298631,+0782026052,+00018503,09
XQ,+100126,-0169,+0686,-0183,2026/10/07,10:02:56,+0158298914,+0782026087,+00017446,09
XQ,+100125,-0168,+0684,-0183,2026/10/07,10:02:57,+0158299147,+0782026121,+00016553,09
XQ,+100123,-0170,+0683,-0183,2026/10/07,10:02:58,+0158299339,+0782026150,+00015674,09
XQ,+100128,-0170,+0683,-0183,2026/10/07,10:02:59,+0158299422,+0782026173,+00014853,09
XQ,+100126,-0172,+0684,-0181,2026/10/07,10:03:00,+0158299566,+0782026195,+00014188,09
XQ,+100124,-0173,+0685,-0183,2026/10/07,10:03:01,+0158299630,+0782026209,+00013550,11
XQ,+100125,-0175,+0687,-0183,2026/10/07,10:03:02,+0158299628,+0782026218,+00013522,11
XQ,+100125,-0177,+0688,-0183,2026/10/07,10:03:03,+0158299680,+0782026230,+00013445,11
XQ,+100124,-0175,+0690,-0184,2026/10/07,10:03:04,+0158299721,+0782026234,+00013402,11
XQ,+100125,-0177,+0690,-0184,2026/10/07,10:03:05,+0158299661,+0782026243,+00013054,11
XQ,+100127,-0174,+0688,-0183,2026/10/07,10:03:06,+0158299614,+0782026247,+00012660,11
XQ,+100128,-0168,+0684,-0183,2026/10/07,10:03:07,+0158299609,+0782026248,+00012620,11
XQ,+100125,-0159,+0680,-0179,2026/10/07,10:03:08,+0158299561,+0782026249,+00012596,11
XQ,+100124,-0158,+0679,-0179,2026/10/07,10:03:09,+0158299513,+0782026250,+00012484,11
XQ,+100126,-0156,+0678,-0177,2026/10/07,10:03:10,+0158299498,+0782026251,+00012458,11
XQ,+100124,-0159,+0680,-0176,2026/10/07,10:03:11,+0158299432,+0782026251,+00012272,11
XQ,+100127,-0164,+0679,-0176,2026/10/07,10:03:12,+0158299412,+0782026255,+00012404,11
XQ,+100124,-0156,+0674,-0174,2026/10/07,10:03:13,+0158299406,+0782026253,+00012138,11
XQ,+100118,-0146,+0670,-0171,2026/10/07,10:03:14,+0158299444,+0782026251,+00011760,11
XQ,+100113,-0142,+0666,-0169,2026/10/07,10:03:15,+0158299351,+0782026243,+00011413,11
XQ,+100115,-0142,+0663,-0167,2026/10/07,10:03:16,+0158299283,+0782026246,+00010978,11
XQ,+100103,-0137,+0657,-0164,2026/10/07,10:03:17,+0158299346,+0782026259,+00011704,11
XQ,+100094,-0127,+0649,-0163,2026/10/07,10:03:18,+0158299479,+0782026259,+00012508,11
XQ,+100083,-0122,+0644,-0159,2026/10/07,10:03:19,+0158299563,+0782026263,+00013434,11
XQ,+100080,-0121,+0641,-0156,2026/10/07,10:03:20,+0158299695,+0782026269,+00013852,11
XQ,+100085,-0121,+0639,-0153,2026/10/07,10:03:21,+0158299927,+0782026282,+00013536,11
XQ,+100082,-0123,+0636,-0153,2026/10/07,10:03:22,+0158300223,+0782026300,+00013266,11
XQ,+100073,-0125,+0634,-0152,2026/10/07,10:03:23,+0158300445,+0782026334,+00013733,11
XQ,+100072,-0125,+0633,-0149,2026/10/07,10:03:24,+0158300878,+0782026342,+00014915,11
XQ,+100066,-0123,+0630,-0146,2026/10/07,10:03:25,+0158301266,+0782026338,+00015598,11
XQ,+100067,-0121,+0628,-0146,2026/10/07,10:03:26,+0158301475,+0782026333,+00015830,11
XQ,+100059,-0125,+0624,-0145,2026/10/07,10:03:27,+0158301833,+0782026353,+00016318,11
XQ,+100058,-0127,+0620,-0145,2026/10/07,10:03:28,+0158302256,+0782026363,+00016159,11
XQ,+100058,-0125,+0619,-0142,2026/10/07,10:03:29,+0158302665,+0782026375,+00015793,11
XQ,+100055,-0125,+0618,-0141,2026/10/07,10:03:30,+0158303322,+0782026394,+00015804,11
XQ,+100050,-0121,+0620,-0140,2026/10/07,10:03:31,+0158303911,+0782026423,+00014948,11
XQ,+100056,-0124,+0618,-0138,2026/10/07,10:03:32,+0158304471,+0782026442,+00014587,11
XQ,+100065,-0127,+0618,-0138,2026/10/07,10:03:33,+0158304691,+0782026458,+00014224,11
XQ,+100059,-0125,+0618,-0137,2026/10/07,10:03:34,+0158304667,+0782026468,+00013635,11
XQ,+100058,-0128,+0616,-0137,2026/10/07,10:03:35,+0158304609,+0782026469,+00012903,11
XQ,+100058,-0129,+0615,-0138,2026/10/07,10:03:36,+0158304590,+0782026479,+00012526,11
XQ,+100047,-0127,+0615,-0137,2026/10/07,10:03:37,+0158305070,+0782026509,+00012157,11
XQ,+100041,-0125,+0616,-0138,2026/10/07,10:03:38,+0158306380,+0782026569,+00012079,11
XQ,+100024,-0126,+0611,-0135,2026/10/07,10:03:39,+0158308040,+0782026629,+00012257,11
XQ,+100011,-0125,+0606,-0137,2026/10/07,10:03:40,+0158309092,+0782026666,+00012088,11
XQ,+100034,-0121,+0602,-0134,2026/10/07,10:03:41,+0158309394,+0782026602,+00011924,11
XQ,+100032,-0126,+0601,-0133,2026/10/07,10:03:42,+0158309558,+0782026384,+00012024,11
XQ,+100027,-0128,+0600,-0134,2026/10/07,10:03:43,+0158309755,+0782026115,+00012735,11
XQ,+100026,-0130,+0600,-0134,2026/10/07,10:03:44,+0158309953,+0782025850,+00012765,11
XQ,+100027,-0132,+0598,-0135,2026/10/07,10:03:45,+0158310240,+0782025549,+00012831,11
XQ,+100033,-0132,+0596,-0135,2026/10/07,10:03:46,+0158310447,+0782025252,+00013246,11
XQ,+100033,-0134,+0595,-0137,2026/10/07,10:03:47,+0158310581,+0782025116,+00014133,11
XQ,+100021,-0135,+0594,-0137,2026/10/07,10:03:48,+0158310686,+0782025117,+00015787,11
XQ,+100016,-0134,+0593,-0138,2026/10/07,10:03:49,+0158310806,+0782025121,+00017157,11
XQ,+100004,-0133,+0591,-0138,2026/10/07,10:03:50,+0158311014,+0782025122,+00018258,11
XQ,+099985,-0135,+0590,-0140,2026/10/07,10:03:51,+0158310667,+0782025171,+00016836,11
XQ,+099978,-0137,+0589,-0141,2026/10/07,10:03:52,+0158310792,+0782025233,+00017110,11
XQ,+099977,-0139,+0588,-0141,2026/10/07,10:03:53,+0158310899,+0782025290,+00017480,11
XQ,+099979,-0137,+0588,-0140,2026/10/07,10:03:54,+0158310598,+0782025486,+00018271,11
XQ,+099965,-0135,+0587,-0140,2026/10/07,10:03:55,+0158310151,+0782025833,+00018811,11
XQ,+099972,-0131,+0587,-0140,2026/10/07,10:03:56,+0158309550,+0782026258,+00018221,11
XQ,+099970,-0134,+0587,-0140,2026/10/07,10:03:57,+0158309142,+0782026764,+00017875,11
XQ,+099959,-0134,+0588,-0138,2026/10/07,10:03:58,+0158308835,+0782027292,+00018305,11
XQ,+099959,-0133,+0590,-0140,2026/10/07,10:03:59,+0158308589,+0782027817,+00018865,11
XQ,+099958,-0131,+0590,-0138,2026/10/07,10:04:00,+0158308564,+0782028341,+00020337,11
XQ,+099952,-0131,+0590,-0137,2026/10/07,10:04:01,+0158308350,+0782028704,+00020308,11
XQ,+099958,-0125,+0590,-0135,2026/10/07,10:04:02,+0158308541,+0782028814,+00020930,11
XQ,+099952,-0130,+0590,-0137,2026/10/07,10:04:03,+0158309162,+0782028857,+00021411,11
XQ,+099944,-0131,+0589,-0138,2026/10/07,10:04:04,+0158310194,+0782028905,+00021131,11
XQ,+099945,-0133,+0587,-0138,2026/10/07,10:04:05,+0158311115,+0782028884,+00022917,11
XQ,+099940,-0130,+0584,-0137,2026/10/07,10:04:06,+0158311656,+0782028680,+00022688,11
XQ,+099951,-0120,+0581,-0134,2026/10/07,10:04:07,+0158312508,+0782028163,+00021812,11
XQ,+099949,-0121,+0578,-0133,2026/10/07,10:04:08,+0158313208,+0782027544,+00021368,11
XQ,+099957,-0130,+0576,-0135,2026/10/07,10:04:09,+0158313694,+0782027122,+00021350,11
XQ,+099960,-0136,+0576,-0135,2026/10/07,10:04:10,+0158313757,+0782026996,+00021309,11
XQ,+099956,-0132,+0575,-0135,2026/10/07,10:04:11,+0158313727,+0782027021,+00021260,11
XQ,+099960,-0132,+0573,-0137,2026/10/07,10:04:12,+0158313642,+0782027041,+00021305,11
XQ,+099954,-0118,+0571,-0134,2026/10/07,10:04:13,+0158313504,+0782027038,+00021565,11
XQ,+099950,-0110,+0568,-0131,2026/10/07,10:04:14,+0158313393,+0782027032,+00021985,11
XQ,+099942,-0114,+0566,-0131,2026/10/07,10:04:15,+0158313349,+0782026998,+00021627,11
XQ,+099948,-0114,+0565,-0129,2026/10/07,10:04:16,+0158313415,+0782026963,+00022026,11
XQ,+099926,-0108,+0563,-0127,2026/10/07,10:04:17,+0158313354,+0782026827,+00021913,11
XQ,+099962,-0100,+0561,-0125,2026/10/07,10:04:18,+0158312858,+0782026425,+00020602,11
XQ,+099963,-0111,+0561,-0126,2026/10/07,10:04:19,+0158312671,+0782026072,+00021107,11
XQ,+099962,-0122,+0560,-0126,2026/10/07,10:04:20,+0158312356,+0782025756,+00021194,11
XQ,+099963,-0123,+0560,-0126,2026/10/07,10:04:21,+0158312118,+0782025586,+00021561,11
XQ,+099962,-0112,+0559,-0126,2026/10/07,10:04:22,+0158311887,+0782025611,+00021982,11
XQ,+099953,-0112,+0558,-0126,2026/10/07,10:04:23,+0158311812,+0782025841,+00022637,11
XQ,+099951,-0112,+0558,-0123,2026/10/07,10:04:24,+0158311684,+0782026220,+00022264,11
XQ,+099934,-0114,+0558,-0123,2026/10/07,10:04:25,+0158311937,+0782026644,+00021865,11
XQ,+099937,-0108,+0557,-0121,2026/10/07,10:04:26,+0158313765,+0782027049,+00022445,11
XQ,+099918,-0108,+0556,-0120,2026/10/07,10:04:27,+0158315952,+0782027337,+00021583,11
XQ,+099942,-0104,+0555,-0118,2026/10/07,10:04:28,+0158317631,+0782027383,+00022251,11
XQ,+099954,-0104,+0554,-0115,2026/10/07,10:04:29,+0158318061,+0782027077,+00022697,11
XQ,+099964,-0106,+0553,-0117,2026/10/07,10:04:30,+0158317795,+0782026459,+00022700,11
XQ,+099963,-0113,+0553,-0117,2026/10/07,10:04:31,+0158317203,+0782025705,+00022058,11
XQ,+099966,-0119,+0553,-0118,2026/10/07,10:04:32,+0158316945,+0782025098,+00022065,11
XQ,+099960,-0122,+0553,-0120,2026/10/07,10:04:33,+0158316743,+0782024785,+00021967,11
XQ,+099950,-0120,+0554,-0121,2026/10/07,10:04:34,+0158316279,+0782024697,+00021143,11
XQ,+099949,-0112,+0553,-0123,2026/10/07,10:04:35,+0158316154,+0782024714,+00020436,11
XQ,+099969,-0100,+0552,-0118,2026/10/07,10:04:36,+0158316065,+0782024706,+00019236,11
XQ,+099977,-0109,+0554,-0120,2026/10/07,10:04:37,+0158316090,+0782024717,+00018067,11
XQ,+100001,-0121,+0555,-0121,2026/10/07,10:04:38,+0158316131,+0782024765,+00016913,11
XQ,+099997,-0131,+0558,-0123,2026/10/07,10:04:39,+0158315913,+0782024921,+00016316,13
XQ,+099992,-0131,+0560,-0126,2026/10/07,10:04:40,+0158316060,+0782025261,+00016426,13
XQ,+099991,-0129,+0562,-0127,2026/10/07,10:04:41,+0158316312,+0782025711,+00016069,13
XQ,+099985,-0133,+0565,-0130,2026/10/07,10:04:42,+0158316599,+0782026255,+00016277,13
XQ,+099987,-0134,+0569,-0131,2026/10/07,10:04:43,+0158316972,+0782026858,+00016513,13
XQ,+099984,-0134,+0573,-0133,2026/10/07,10:04:44,+0158317324,+0782027532,+00016906,13
XQ,+099957,-0127,+0576,-0131,2026/10/07,10:04:45,+0158317640,+0782028026,+00017683,13
XQ,+099974,-0121,+0576,-0129,2026/10/07,10:04:46,+0158317910,+0782028160,+00018462,13
XQ,+099978,-0122,+0577,-0127,2026/10/07,10:04:47,+0158317891,+0782028114,+00019798,13
XQ,+099951,-0118,+0576,-0127,2026/10/07,10:04:48,+0158317824,+0782028097,+00021093,12
XQ,+099920,-0109,+0574,-0127,2026/10/07,10:04:49,+0158317689,+0782028060,+00020468,13
XQ,+099938,-0101,+0572,-0123,2026/10/07,10:04:50,+0158317474,+0782027890,+00019969,13
XQ,+099952,-0100,+0569,-0121,2026/10/07,10:04:51,+0158317266,+0782027565,+00019304,13
XQ,+099951,-0104,+0568,-0120,2026/10/07,10:04:52,+0158317123,+0782027183,+00019475,13
XQ,+099947,-0115,+0569,-0121,2026/10/07,10:04:53,+0158317000,+0782026975,+00019715,13
XQ,+099938,-0113,+0569,-0121,2026/10/07,10:04:54,+0158317189,+0782026961,+00020656,13
XQ,+099918,-0114,+0569,-0121,2026/10/07,10:04:55,+0158317658,+0782026991,+00022065,13
XQ,+099896,-0122,+0569,-0123,2026/10/07,10:04:56,+0158317937,+0782027026,+00023659,13
XQ,+099885,-0132,+0571,-0125,2026/10/07,10:04:57,+0158318197,+0782027009,+00024250,13
XQ,+099867,-0123,+0570,-0126,2026/10/07,10:04:58,+0158318225,+0782026937,+00024021,13
XQ,+099860,-0114,+0569,-0125,2026/10/07,10:04:59,+0158318105,+0782026927,+00023778,13
XQ,+099860,-0114,+0568,-0123,2026/10/07,10:05:00,+0158317848,+0782026890,+00023321,12
XQ,+099858,-0115,+0566,-0123,2026/10/07,10:05:01,+0158317729,+0782026913,+00022549,13
XQ,+099850,-0112,+0565,-0121,2026/10/07,10:05:02,+0158317594,+0782027005,+00022650,13
XQ,+099834,-0111,+0563,-0121,2026/10/07,10:05:03,+0158317283,+0782027167,+00023032,13
XQ,+099831,-0120,+0565,-0121,2026/10/07,10:05:04,+0158316774,+0782027277,+00023608,12
XQ,+099837,-0112,+0563,-0121,2026/10/07,10:05:05,+0158316443,+0782027309,+00023855,12
XQ,+099842,-0106,+0561,-0120,2026/10/07,10:05:06,+0158316294,+0782027302,+00024380,12
XQ,+099838,-0106,+0560,-0120,2026/10/07,10:05:07,+0158316119,+0782027292,+00024841,12
XQ,+099846,-0109,+0560,-0118,2026/10/07,10:05:08,+0158316677,+0782027213,+00026860,13
XQ,+099842,-0118,+0562,-0120,2026/10/07,10:05:09,+0158316753,+0782027196,+00027125,12
XQ,+099851,-0122,+0564,-0123,2026/10/07,10:05:10,+0158316605,+0782027202,+00024591,13
XQ,+099865,-0122,+0565,-0125,2026/10/07,10:05:11,+0158316637,+0782027196,+00021308,13
XQ,+099906,-0112,+0564,-0125,2026/10/07,10:05:12,+0158316704,+0782027115,+00017899,13
XQ,+099945,-0114,+0566,-0125,2026/10/07,10:05:13,+0158316818,+0782027065,+00014513,13
XQ,+099982,-0119,+0569,-0125,2026/10/07,10:05:14,+0158316648,+0782027091,+00010156,13
XQ,+100023,-0137,+0573,-0129,2026/10/07,10:05:15,+0158316682,+0782027146,+00006883,13
XQ,+100035,-0144,+0579,-0134,2026/10/07,10:05:16,+0158316839,+0782027183,+00005667,13
XQ,+100053,-0146,+0583,-0135,2026/10/07,10:05:17,+0158316938,+0782027208,+00005812,13
XQ,+100056,-0144,+0589,-0138,2026/10/07,10:05:18,+0158316987,+0782027229,+00006231,13
XQ,+100062,-0144,+0593,-0138,2026/10/07,10:05:19,+0158317016,+0782027229,+00006455,13
XQ,+100058,-0142,+0597,-0141,2026/10/07,10:05:20,+0158317060,+0782027238,+00006995,13
XQ,+100055,-0140,+0599,-0141,2026/10/07,10:05:21,+0158317090,+0782027244,+00006998,12
XQ,+100058,-0139,+0601,-0141,2026/10/07,10:05:22,+0158317022,+0782027255,+00006224,12
XQ,+100063,-0137,+0607,-0141,2026/10/07,10:05:23,+0158317236,+0782027256,+00006667,12
XQ,+100063,-0134,+0614,-0141,2026/10/07,10:05:24,+0158317201,+0782027268,+00005959,12
XQ,+100071,-0140,+0618,-0142,2026/10/07,10:05:25,+0158317136,+0782027279,+00005466,12
XQ,+100071,-0144,+0621,-0142,2026/10/07,10:05:26,+0158317201,+0782027288,+00004997,13
XQ,+100076,-0140,+0623,-0144,2026/10/07,10:05:27,+0158317282,+0782027305,+00004286,13
XQ,+100080,-0136,+0629,-0142,2026/10/07,10:05:28,+0158317340,+0782027300,+00004265,13
XQ,+100090,-0135,+0633,-0142,2026/10/07,10:05:29,+0158317437,+0782027306,+00004616,13
XQ,+100081,-0135,+0639,-0144,2026/10/07,10:05:30,+0158317409,+0782027309,+00004739,13
XQ,+100085,-0134,+0643,-0144,2026/10/07,10:05:31,+0158317286,+0782027324,+00004879,13
XQ,+100083,-0134,+0648,-0144,2026/10/07,10:05:32,+0158317288,+0782027304,+00004454,13
XQ,+100085,-0134,+0653,-0142,2026/10/07,10:05:33,+0158317373,+0782027323,+00003171,13
XQ,+100097,-0136,+0656,-0145,2026/10/07,10:05:34,+0158317518,+0782027350,+00002171,13
XQ,+100098,-0136,+0660,-0142,2026/10/07,10:05:35,+0158317574,+0782027338,+00002038,13
XQ,+100097,-0133,+0663,-0144,2026/10/07,10:05:36,+0158317604,+0782027335,+00002102,13
XQ,+100100,-0131,+0667,-0142,2026/10/07,10:05:37,+0158317707,+0782027335,+00002543,13
XQ,+100104,-0131,+0669,-0142,2026/10/07,10:05:38,+0158317771,+0782027337,+00002756,13
XQ,+100102,-0136,+0671,-0144,2026/10/07,10:05:39,+0158317778,+0782027343,+00002952,13
XQ,+100106,-0139,+0672,-0144,2026/10/07,10:05:40,+0158317705,+0782027339,+00002966,13
XQ,+100104,-0139,+0674,-0142,2026/10/07,10:05:41,+0158317649,+0782027337,+00002400,13
XQ,+100107,-0137,+0677,-0145,2026/10/07,10:05:42,+0158317680,+0782027337,+00002713,13
XQ,+100103,-0139,+0681,-0145,2026/10/07,10:05:43,+0158317713,+0782027319,+00003074,13
XQ,+100110,-0139,+0684,-0146,2026/10/07,10:05:44,+0158317755,+0782027309,+00003342,13
XQ,+100102,-0138,+0686,-0146,2026/10/07,10:05:45,+0158317775,+0782027307,+00003112,13
XQ,+100104,-0138,+0688,-0145,2026/10/07,10:05:46,+0158317807,+0782027299,+00002889,13
XQ,+100106,-0131,+0689,-0145,2026/10/07,10:05:47,+0158317802,+0782027289,+00002803,12
XQ,+100104,-0127,+0690,-0144,2026/10/07,10:05:48,+0158317797,+0782027278,+00003435,13
XQ,+100094,-0119,+0687,-0142,2026/10/07,10:05:49,+0158317836,+0782027266,+00004180,12
XQ,+100082,-0112,+0681,-0138,2026/10/07,10:05:50,+0158318048,+0782027254,+00005919,13
XQ,+100074,-0106,+0671,-0134,2026/10/07,10:05:51,+0158318149,+0782027239,+00006732,13
XQ,+100061,-0102,+0662,-0133,2026/10/07,10:05:52,+0158318173,+0782027234,+00008124,13
XQ,+100049,-0093,+0650,-0129,2026/10/07,10:05:53,+0158318212,+0782027243,+00009297,13
XQ,+100038,-0088,+0640,-0126,2026/10/07,10:05:54,+0158318175,+0782027241,+00010469,13
XQ,+100026,-0083,+0629,-0125,2026/10/07,10:05:55,+0158318041,+0782027251,+00011696,13
XQ,+100017,-0073,+0614,-0120,2026/10/07,10:05:56,+0158318065,+0782027265,+00012828,13
XQ,+100001,-0070,+0603,-0114,2026/10/07,10:05:57,+0158317943,+0782027256,+00013359,13
XQ,+099994,-0068,+0592,-0113,2026/10/07,10:05:58,+0158317820,+0782027237,+00012788,13
XQ,+099977,-0067,+0582,-0110,2026/10/07,10:05:59,+0158317903,+0782027239,+00013366,13
XQ,+099967,-0068,+0573,-0107,2026/10/07,10:06:00,+0158317857,+0782027251,+00013697,13
XQ,+099956,-0071,+0567,-0105,2026/10/07,10:06:01,+0158317765,+0782027255,+00014466,13
XQ,+099945,-0074,+0559,-0102,2026/10/07,10:06:02,+0158317741,+0782027273,+00016662,13
XQ,+099931,-0077,+0554,-0102,2026/10/07,10:06:03,+0158317589,+0782027263,+00016225,13
XQ,+099919,-0078,+0548,-0102,2026/10/07,10:06:04,+0158317329,+0782027260,+00016806,13
XQ,+099906,-0078,+0543,-0101,2026/10/07,10:06:05,+0158316818,+0782027260,+00016945,13
XQ,+099893,-0075,+0539,-0099,2026/10/07,10:06:06,+0158316456,+0782027262,+00016468,13
XQ,+099882,-0075,+0534,-0098,2026/10/07,10:06:07,+0158316129,+0782027250,+00015603,13
XQ,+099869,-0077,+0531,-0098,2026/10/07,10:06:08,+0158315843,+0782027217,+00014836,13
XQ,+099856,-0080,+0528,-0097,2026/10/07,10:06:09,+0158315490,+0782027185,+00015122,13
XQ,+099847,-0080,+0525,-0098,2026/10/07,10:06:10,+0158315275,+0782027173,+00016393,13
XQ,+099832,-0083,+0523,-0098,2026/10/07,10:06:11,+0158314907,+0782027143,+00016063,13
XQ,+099822,-0084,+0521,-0098,2026/10/07,10:06:12,+0158314832,+0782027120,+00016552,13
XQ,+099801,-0088,+0520,-0098,2026/10/07,10:06:13,+0158314676,+0782027119,+00017055,13
XQ,+099794,-0088,+0519,-0099,2026/10/07,10:06:14,+0158314367,+0782027113,+00017534,13
XQ,+099776,-0088,+0517,-0098,2026/10/07,10:06:15,+0158314214,+0782027098,+00018903,11
XQ,+099763,-0084,+0516,-0098,2026/10/07,10:06:16,+0158313917,+0782027081,+00019728,13
XQ,+099751,-0080,+0514,-0098,2026/10/07,10:06:17,+0158313588,+0782027070,+00019786,13
XQ,+099739,-0078,+0512,-0097,2026/10/07,10:06:18,+0158313448,+0782027080,+00020102,13
XQ,+099728,-0079,+0511,-0097,2026/10/07,10:06:19,+0158313160,+0782027086,+00019948,13
XQ,+099715,-0081,+0510,-0097,2026/10/07,10:06:20,+0158312881,+0782027084,+00020117,13
XQ,+099698,-0084,+0509,-0095,2026/10/07,10:06:21,+0158312589,+0782027058,+00020381,13
XQ,+099688,-0087,+0508,-0098,2026/10/07,10:06:22,+0158312134,+0782027034,+00019580,13
XQ,+099675,-0090,+0509,-0099,2026/10/07,10:06:23,+0158311777,+0782027042,+00020410,13
XQ,+099666,-0092,+0508,-0098,2026/10/07,10:06:24,+0158311441,+0782027033,+00020451,12
XQ,+099650,-0091,+0508,-0098,2026/10/07,10:06:25,+0158311557,+0782027087,+00022292,13
XQ,+099643,-0092,+0507,-0099,2026/10/07,10:06:26,+0158311480,+0782027093,+00022163,13
XQ,+099626,-0091,+0507,-0099,2026/10/07,10:06:27,+0158311241,+0782027090,+00022735,13
XQ,+099619,-0087,+0506,-0098,2026/10/07,10:06:28,+0158310818,+0782027059,+00021838,12
XQ,+099609,-0088,+0505,-0098,2026/10/07,10:06:29,+0158310498,+0782027071,+00021912,13
XQ,+099600,-0087,+0505,-0098,2026/10/07,10:06:30,+0158310226,+0782027066,+00022806,13
XQ,+099582,-0086,+0504,-0098,2026/10/07,10:06:31,+0158309946,+0782027053,+00022587,13
XQ,+099574,-0089,+0504,-0099,2026/10/07,10:06:32,+0158309778,+0782027044,+00021583,12
XQ,+099559,-0092,+0504,-0099,2026/10/07,10:06:33,+0158309610,+0782027013,+00020441,13
XQ,+099550,-0094,+0503,-0101,2026/10/07,10:06:34,+0158309410,+0782026957,+00019647,13
XQ,+099536,-0093,+0503,-0099,2026/10/07,10:06:35,+0158309035,+0782026895,+00018465,12
XQ,+099528,-0091,+0502,-0101,2026/10/07,10:06:36,+0158308750,+0782026889,+00018134,13
XQ,+099513,-0092,+0502,-0102,2026/10/07,10:06:37,+0158308361,+0782026851,+00017401,12
XQ,+099503,-0092,+0501,-0101,2026/10/07,10:06:38,+0158308355,+0782026844,+00017719,12
XQ,+099493,-0092,+0501,-0104,2026/10/07,10:06:39,+0158308168,+0782026811,+00015931,12
XQ,+099478,-0094,+0501,-0104,2026/10/07,10:06:40,+0158308021,+0782026794,+00015753,10
XQ,+099471,-0094,+0501,-0104,2026/10/07,10:06:41,+0158307764,+0782026750,+00014504,12
XQ,+099453,-0096,+0501,-0102,2026/10/07,10:06:42,+0158307424,+0782026699,+00013693,12
XQ,+099445,-0097,+0501,-0105,2026/10/07,10:06:43,+0158307032,+0782026690,+00013147,13
XQ,+099436,-0097,+0501,-0105,2026/10/07,10:06:44,+0158306739,+0782026697,+00013384,13
XQ,+099425,-0098,+0500,-0104,2026/10/07,10:06:45,+0158306349,+0782026666,+00011884,13
XQ,+099414,-0102,+0500,-0107,2026/10/07,10:06:46,+0158305890,+0782026626,+00010857,12
XQ,+099403,-0100,+0500,-0107,2026/10/07,10:06:47,+0158305529,+0782026591,+00009142,11
XQ,+099392,-0098,+0500,-0107,2026/10/07,10:06:48,+0158305501,+0782026605,+00009722,10
XQ,+099383,-0098,+0500,-0109,2026/10/07,10:06:49,+0158305214,+0782026593,+00009014,11
XQ,+099374,-0098,+0500,-0107,2026/10/07,10:06:50,+0158305019,+0782026551,+00008956,12
XQ,+099361,-0100,+0500,-0109,2026/10/07,10:06:51,+0158304641,+0782026507,+00007302,11
XQ,+099349,-0102,+0500,-0110,2026/10/07,10:06:52,+0158304357,+0782026467,+00006086,11
XQ,+099339,-0106,+0500,-0110,2026/10/07,10:06:53,+0158304288,+0782026469,+00006187,12
XQ,+099329,-0107,+0501,-0111,2026/10/07,10:06:54,+0158304141,+0782026518,+00007269,12
XQ,+099318,-0108,+0501,-0113,2026/10/07,10:06:55,+0158304150,+0782026632,+00009328,11
XQ,+099303,-0109,+0501,-0113,2026/10/07,10:06:56,+0158304096,+0782026726,+00009796,11
XQ,+099290,-0109,+0501,-0113,2026/10/07,10:06:57,+0158303803,+0782026765,+00009675,12
XQ,+099279,-0111,+0501,-0114,2026/10/07,10:06:58,+0158303355,+0782026777,+00007835,12
XQ,+099268,-0111,+0501,-0114,2026/10/07,10:06:59,+0158302902,+0782026740,+00006727,11
XQ,+099255,-0111,+0501,-0115,2026/10/07,10:07:00,+0158302599,+0782026695,+00006833,11
XQ,+099242,-0113,+0501,-0117,2026/10/07,10:07:01,+0158302495,+0782026661,+00008415,09
XQ,+099233,-0107,+0501,-0118,2026/10/07,10:07:02,+0158302133,+0782026689,+00008861,11
XQ,+099223,-0105,+0502,-0117,2026/10/07,10:07:03,+0158301814,+0782026660,+00009560,10
XQ,+099207,-0104,+0502,-0117,2026/10/07,10:07:04,+0158301562,+0782026615,+00008726,10
XQ,+099198,-0107,+0502,-0115,2026/10/07,10:07:05,+0158301530,+0782026586,+00008214,12
XQ,+099184,-0108,+0502,-0118,2026/10/07,10:07:06,+0158301507,+0782026611,+00011658,12
XQ,+099168,-0109,+0502,-0117,2026/10/07,10:07:07,+0158301026,+0782026642,+00011356,11
XQ,+099160,-0110,+0502,-0118,2026/10/07,10:07:08,+0158300322,+0782026598,+00008281,11
XQ,+099150,-0111,+0502,-0118,2026/10/07,10:07:09,+0158299830,+0782026537,+00005830,10
XQ,+099139,-0110,+0502,-0120,2026/10/07,10:07:10,+0158299510,+0782026468,+00003568,10
XQ,+099126,-0112,+0503,-0120,2026/10/07,10:07:11,+0158299459,+0782026450,+00004571,09
XQ,+099116,-0110,+0503,-0120,2026/10/07,10:07:12,+0158299200,+0782026453,+00004528,11
XQ,+099102,-0109,+0502,-0121,2026/10/07,10:07:13,+0158298992,+0782026446,+00002933,11
XQ,+099092,-0107,+0503,-0120,2026/10/07,10:07:14,+0158298770,+0782026431,+00001900,11
XQ,+099081,-0107,+0503,-0120,2026/10/07,10:07:15,+0158298704,+0782026380,+00000689,10
XQ,+099071,-0112,+0503,-0120,2026/10/07,10:07:16,+0158298812,+0782026369,+00000490,10
XQ,+099058,-0110,+0502,-0121,2026/10/07,10:07:17,+0158298946,+0782026450,+00001867,09
XQ,+099046,-0112,+0503,-0120,2026/10/07,10:07:18,+0158299091,+0782026490,+00003069,11
XQ,+099030,-0115,+0502,-0123,2026/10/07,10:07:19,+0158299211,+0782026505,+00003124,10
XQ,+099026,-0119,+0503,-0123,2026/10/07,10:07:20,+0158298999,+0782026528,+00002964,11
XQ,+099009,-0121,+0503,-0125,2026/10/07,10:07:21,+0158298747,+0782026496,+00002363,10
XQ,+098997,-0122,+0503,-0126,2026/10/07,10:07:22,+0158298223,+0782026478,+00002364,10
XQ,+098986,-0121,+0504,-0126,2026/10/07,10:07:23,+0158297728,+0782026500,+00001678,08
XQ,+098969,-0126,+0504,-0129,2026/10/07,10:07:24,+0158297300,+0782026528,+00003489,09
XQ,+098964,-0130,+0504,-0130,2026/10/07,10:07:25,+0158297071,+0782026537,+00006760,10
XQ,+098945,-0130,+0504,-0130,2026/10/07,10:07:26,+0158296797,+0782026552,+00008108,11
XQ,+098938,-0131,+0505,-0131,2026/10/07,10:07:27,+0158296381,+0782026589,+00007784,11
XQ,+098928,-0132,+0505,-0133,2026/10/07,10:07:28,+0158296447,+0782026705,+00008845,11
XQ,+098915,-0134,+0505,-0134,2026/10/07,10:07:29,+0158296541,+0782026795,+00010418,11
XQ,+098903,-0137,+0505,-0135,2026/10/07,10:07:30,+0158296840,+0782026902,+00013395,10
XQ,+098890,-0137,+0506,-0137,2026/10/07,10:07:31,+0158296992,+0782026938,+00014653,10
XQ,+098878,-0139,+0506,-0138,2026/10/07,10:07:32,+0158297198,+0782027002,+00017207,09
XQ,+098869,-0141,+0506,-0138,2026/10/07,10:07:33,+0158297361,+0782027017,+00019694,10
XQ,+098852,-0143,+0507,-0141,2026/10/07,10:07:34,+0158297278,+0782027056,+00021908,10
XQ,+098840,-0142,+0507,-0141,2026/10/07,10:07:35,+0158297248,+0782027086,+00022342,11
XQ,+098830,-0143,+0508,-0144,2026/10/07,10:07:36,+0158297208,+0782027110,+00022862,11
XQ,+098820,-0145,+0508,-0145,2026/10/07,10:07:37,+0158296832,+0782027209,+00025036,10
XQ,+098804,-0147,+0508,-0144,2026/10/07,10:07:38,+0158296709,+0782027222,+00028095,08
XQ,+098792,-0148,+0509,-0146,2026/10/07,10:07:39,+0158294802,+0782027257,+00017295,08
XQ,+098780,-0152,+0509,-0148,2026/10/07,10:07:40,+0158294047,+0782027223,+00015873,08
XQ,+098769,-0152,+0509,-0149,2026/10/07,10:07:41,+0158292120,+0782027273,+00005421,08
XQ,+098755,-0154,+0510,-0150,2026/10/07,10:07:42,+0158290587,+0782027335,-00002913,09
XQ,+098747,-0154,+0510,-0152,2026/10/07,10:07:43,+0158289966,+0782027304,-00004195,08
XQ,+098734,-0156,+0510,-0153,2026/10/07,10:07:44,+0158288238,+0782027392,-00015907,10
XQ,+098721,-0156,+0511,-0154,2026/10/07,10:07:45,+0158286790,+0782027337,-00024726,10
XQ,+098712,-0157,+0511,-0156,2026/10/07,10:07:46,+0158286011,+0782027432,-00031840,08
XQ,+098694,-0159,+0511,-0159,2026/10/07,10:07:47,+0158285359,+0782027543,-00035887,07
XQ,+098681,-0163,+0512,-0159,2026/10/07,10:07:48,+0158284708,+0782027630,-00040900,08
XQ,+098667,-0162,+0512,-0161,2026/10/07,10:07:49,+0158284299,+0782027809,-00043256,08
XQ,+098661,-0164,+0513,-0161,2026/10/07,10:07:50,+0158284187,+0782027985,-00047573,08
XQ,+098653,-0164,+0513,-0163,2026/10/07,10:07:51,+0158283795,+0782028026,-00049565,11
XQ,+098649,-0162,+0513,-0164,2026/10/07,10:07:52,+0158283637,+0782028026,-00052812,10
XQ,+098649,-0164,+0513,-0165,2026/10/07,10:07:53,+0158283503,+0782028028,-00052469,08
XQ,+098653,-0165,+0514,-0167,2026/10/07,10:07:54,+0158283418,+0782027963,-00051113,09
XQ,+098651,-0167,+0514,-0167,2026/10/07,10:07:55,+0158282483,+0782027856,-00055481,10
XQ,+098654,-0168,+0515,-0168,2026/10/07,10:07:56,+0158281887,+0782027760,-00059726,09
XQ,+098653,-0168,+0515,-0169,2026/10/07,10:07:57,+0158281970,+0782027827,-00058928,13
XQ,+098657,-0167,+0515,-0169,2026/10/07,10:07:58,+0158282170,+0782027914,-00054413,12
XQ,+098655,-0166,+0516,-0169,2026/10/07,10:07:59,+0158282033,+0782027949,-00053806,11
XQ,+098653,-0167,+0516,-0169,2026/10/07,10:08:00,+0158281727,+0782028028,-00052887,10
XQ,+098656,-0167,+0517,-0169,2026/10/07,10:08:01,+0158281599,+0782028111,-00052634,11
XQ,+098653,-0167,+0516,-0171,2026/10/07,10:08:02,+0158281716,+0782028227,-00050468,10
XQ,+098655,-0165,+0517,-0172,2026/10/07,10:08:03,+0158281530,+0782028191,-00049920,10
XQ,+098655,-0166,+0517,-0171,2026/10/07,10:08:04,+0158281518,+0782028119,-00047929,09
XQ,+098656,-0165,+0517,-0171,2026/10/07,10:08:05,+0158281507,+0782028027,-00046869,10
XQ,+098658,-0166,+0517,-0174,2026/10/07,10:08:06,+0158281312,+0782028031,-00046891,10
XQ,+098663,-0166,+0517,-0172,2026/10/07,10:08:07,+0158281101,+0782028032,-00047121,07
XQ,+098671,-0164,+0517,-0172,2026/10/07,10:08:08,+0158280993,+0782028014,-00049865,08
XQ,+098688,-0164,+0518,-0172,2026/10/07,10:08:09,+0158281422,+0782028041,-00051381,08
XQ,+098699,-0162,+0518,-0171,2026/10/07,10:08:10,+0158282179,+0782028129,-00051088,10
XQ,+098712,-0162,+0518,-0171,2026/10/07,10:08:11,+0158283002,+0782028229,-00049516,10
XQ,+098724,-0160,+0518,-0171,2026/10/07,10:08:12,+0158284581,+0782028429,-00045093,11
XQ,+098738,-0158,+0518,-0171,2026/10/07,10:08:13,+0158284975,+0782028557,-00045861,13
XQ,+098749,-0159,+0518,-0169,2026/10/07,10:08:14,+0158285254,+0782028649,-00044815,11
XQ,+098759,-0157,+0518,-0168,2026/10/07,10:08:15,+0158285522,+0782028679,-00042240,12
XQ,+098774,-0156,+0518,-0167,2026/10/07,10:08:16,+0158285822,+0782028680,-00042656,12
XQ,+098785,-0155,+0518,-0167,2026/10/07,10:08:17,+0158285971,+0782028664,-00044475,13
XQ,+098795,-0153,+0518,-0167,2026/10/07,10:08:18,+0158286133,+0782028684,-00043981,14
XQ,+098804,-0153,+0517,-0165,2026/10/07,10:08:19,+0158286656,+0782028684,-00043508,14
XQ,+098810,-0152,+0518,-0165,2026/10/07,10:08:20,+0158287019,+0782028719,-00041963,10
XQ,+098825,-0150,+0517,-0164,2026/10/07,10:08:21,+0158287665,+0782028783,-00041252,11
XQ,+098837,-0150,+0517,-0163,2026/10/07,10:08:22,+0158288169,+0782028799,-00039117,10
XQ,+098853,-0150,+0517,-0161,2026/10/07,10:08:23,+0158288626,+0782028822,-00035823,10
XQ,+098860,-0149,+0517,-0161,2026/10/07,10:08:24,+0158288944,+0782028864,-00034582,12
XQ,+098873,-0148,+0517,-0161,2026/10/07,10:08:25,+0158289431,+0782028904,-00034238,12
XQ,+098888,-0147,+0517,-0160,2026/10/07,10:08:26,+0158289923,+0782028934,-00032369,12
XQ,+098896,-0146,+0516,-0159,2026/10/07,10:08:27,+0158290223,+0782028950,-00031187,10
XQ,+098910,-0144,+0516,-0159,2026/10/07,10:08:28,+0158290619,+0782028918,-00029530,12
XQ,+098918,-0144,+0516,-0156,2026/10/07,10:08:29,+0158290727,+0782028918,-00029630,13
XQ,+098928,-0139,+0515,-0156,2026/10/07,10:08:30,+0158291059,+0782028931,-00029736,13
XQ,+098942,-0138,+0515,-0154,2026/10/07,10:08:31,+0158291434,+0782028949,-00029020,13
XQ,+098951,-0138,+0515,-0153,2026/10/07,10:08:32,+0158291786,+0782028948,-00028999,13
XQ,+098964,-0137,+0515,-0152,2026/10/07,10:08:33,+0158292213,+0782028939,-00028081,11
XQ,+098975,-0137,+0515,-0150,2026/10/07,10:08:34,+0158291883,+0782028953,-00030442,11
XQ,+098987,-0129,+0514,-0149,2026/10/07,10:08:35,+0158292434,+0782028995,-00028216,11
XQ,+098995,-0127,+0514,-0148,2026/10/07,10:08:36,+0158292967,+0782028915,-00026634,13
XQ,+099012,-0127,+0514,-0148,2026/10/07,10:08:37,+0158293253,+0782028873,-00023671,12
XQ,+099022,-0125,+0514,-0145,2026/10/07,10:08:38,+0158292983,+0782028836,-00024429,12
XQ,+099037,-0123,+0513,-0142,2026/10/07,10:08:39,+0158293006,+0782028809,-00026994,10
XQ,+099050,-0124,+0513,-0142,2026/10/07,10:08:40,+0158292758,+0782028807,-00030444,12
XQ,+099063,-0122,+0512,-0141,2026/10/07,10:08:41,+0158293077,+0782028744,-00032500,15
XQ,+099078,-0119,+0512,-0138,2026/10/07,10:08:42,+0158293301,+0782028675,-00034379,15
XQ,+099081,-0120,+0512,-0138,2026/10/07,10:08:43,+0158293551,+0782028645,-00034830,11
XQ,+099099,-0118,+0511,-0137,2026/10/07,10:08:44,+0158293777,+0782028567,-00034917,15
XQ,+099105,-0124,+0511,-0137,2026/10/07,10:08:45,+0158293906,+0782028565,-00034861,12
XQ,+099118,-0127,+0510,-0137,2026/10/07,10:08:46,+0158294120,+0782028511,-00035857,12
XQ,+099129,-0125,+0510,-0135,2026/10/07,10:08:47,+0158294369,+0782028455,-00036487,11
XQ,+099144,-0126,+0510,-0137,2026/10/07,10:08:48,+0158294795,+0782028452,-00035660,11
XQ,+099159,-0126,+0509,-0138,2026/10/07,10:08:49,+0158295230,+0782028416,-00034822,12
XQ,+099168,-0125,+0509,-0135,2026/10/07,10:08:50,+0158295528,+0782028381,-00034678,12
XQ,+099185,-0125,+0509,-0137,2026/10/07,10:08:51,+0158295807,+0782028346,-00034044,11
XQ,+099190,-0124,+0509,-0134,2026/10/07,10:08:52,+0158296095,+0782028282,-00035471,11
XQ,+099201,-0124,+0509,-0134,2026/10/07,10:08:53,+0158296470,+0782028231,-00035195,14
XQ,+099214,-0123,+0508,-0135,2026/10/07,10:08:54,+0158297107,+0782028200,-00033884,15
XQ,+099232,-0121,+0508,-0133,2026/10/07,10:08:55,+0158297415,+0782028139,-00033299,14
XQ,+099244,-0120,+0508,-0133,2026/10/07,10:08:56,+0158297686,+0782028082,-00032962,14
XQ,+099250,-0118,+0508,-0131,2026/10/07,10:08:57,+0158298003,+0782028052,-00032974,12
XQ,+099261,-0117,+0508,-0131,2026/10/07,10:08:58,+0158298344,+0782027998,-00031172,11
XQ,+099277,-0115,+0507,-0130,2026/10/07,10:08:59,+0158298708,+0782027939,-00031483,12
XQ,+099290,-0114,+0507,-0130,2026/10/07,10:09:00,+0158298973,+0782027931,-00029924,10
XQ,+099306,-0113,+0507,-0127,2026/10/07,10:09:01,+0158299202,+0782027896,-00028932,11
XQ,+099319,-0113,+0507,-0127,2026/10/07,10:09:02,+0158299830,+0782027879,-00027381,13
XQ,+099325,-0112,+0506,-0126,2026/10/07,10:09:03,+0158300176,+0782027854,-00027200,11
XQ,+099341,-0112,+0506,-0125,2026/10/07,10:09:04,+0158300414,+0782027823,-00027917,11
XQ,+099349,-0111,+0506,-0126,2026/10/07,10:09:05,+0158300660,+0782027787,-00025915,12
XQ,+099363,-0114,+0506,-0126,2026/10/07,10:09:06,+0158301089,+0782027760,-00023104,12
XQ,+099374,-0114,+0506,-0126,2026/10/07,10:09:07,+0158301781,+0782027754,-00019522,11
XQ,+099389,-0114,+0505,-0125,2026/10/07,10:09:08,+0158302110,+0782027709,-00016960,10
XQ,+099397,-0117,+0505,-0125,2026/10/07,10:09:09,+0158302991,+0782027660,-00013563,14
XQ,+099411,-0119,+0506,-0126,2026/10/07,10:09:10,+0158303758,+0782027614,-00011257,14
XQ,+099418,-0118,+0506,-0127,2026/10/07,10:09:11,+0158304496,+0782027553,-00009164,14
XQ,+099432,-0118,+0506,-0126,2026/10/07,10:09:12,+0158305332,+0782027529,-00006122,14
XQ,+099444,-0118,+0506,-0126,2026/10/07,10:09:13,+0158305837,+0782027480,-00004497,12
XQ,+099455,-0113,+0505,-0126,2026/10/07,10:09:14,+0158306431,+0782027478,-00002217,12
XQ,+099469,-0113,+0505,-0123,2026/10/07,10:09:15,+0158307159,+0782027494,+00000096,15
XQ,+099480,-0111,+0504,-0123,2026/10/07,10:09:16,+0158307579,+0782027475,+00001512,13
XQ,+099493,-0110,+0504,-0125,2026/10/07,10:09:17,+0158308143,+0782027445,+00003036,15
XQ,+099506,-0109,+0504,-0123,2026/10/07,10:09:18,+0158308672,+0782027434,+00003403,14
XQ,+099517,-0112,+0504,-0125,2026/10/07,10:09:19,+0158309288,+0782027438,+00004905,13
XQ,+099526,-0112,+0504,-0123,2026/10/07,10:09:20,+0158309835,+0782027423,+00006629,13
XQ,+099540,-0115,+0504,-0123,2026/10/07,10:09:21,+0158310031,+0782027420,+00006008,11
XQ,+099550,-0117,+0504,-0125,2026/10/07,10:09:22,+0158310550,+0782027424,+00007506,14
XQ,+099561,-0115,+0505,-0123,2026/10/07,10:09:23,+0158311062,+0782027384,+00009519,16
XQ,+099575,-0115,+0505,-0123,2026/10/07,10:09:24,+0158311574,+0782027350,+00010144,14
XQ,+099587,-0115,+0506,-0125,2026/10/07,10:09:25,+0158312072,+0782027325,+00011653,16
XQ,+099604,-0117,+0506,-0125,2026/10/07,10:09:26,+0158312284,+0782027300,+00011114,15
XQ,+099615,-0115,+0506,-0125,2026/10/07,10:09:27,+0158312595,+0782027285,+00011312,14
XQ,+099626,-0114,+0506,-0125,2026/10/07,10:09:28,+0158312834,+0782027265,+00010890,16
XQ,+099638,-0111,+0507,-0125,2026/10/07,10:09:29,+0158313064,+0782027269,+00011065,16
XQ,+099655,-0112,+0507,-0123,2026/10/07,10:09:30,+0158313189,+0782027284,+00011177,14
XQ,+099665,-0111,+0507,-0123,2026/10/07,10:09:31,+0158313359,+0782027274,+00011720,15
XQ,+099674,-0101,+0506,-0120,2026/10/07,10:09:32,+0158313614,+0782027289,+00012602,16
XQ,+099685,-0101,+0506,-0117,2026/10/07,10:09:33,+0158313850,+0782027309,+00013636,15
XQ,+099697,-0101,+0506,-0117,2026/10/07,10:09:34,+0158313996,+0782027289,+00013979,16
XQ,+099712,-0101,+0506,-0117,2026/10/07,10:09:35,+0158314096,+0782027247,+00014333,15
XQ,+099717,-0099,+0505,-0114,2026/10/07,10:09:36,+0158314318,+0782027220,+00014435,16
XQ,+099732,-0099,+0505,-0115,2026/10/07,10:09:37,+0158314557,+0782027219,+00015708,16
XQ,+099737,-0097,+0505,-0113,2026/10/07,10:09:38,+0158314524,+0782027194,+00015248,16
XQ,+099756,-0091,+0504,-0111,2026/10/07,10:09:39,+0158314769,+0782027193,+00015390,16
XQ,+099765,-0089,+0504,-0109,2026/10/07,10:09:40,+0158314942,+0782027193,+00015372,16
XQ,+099779,-0093,+0504,-0110,2026/10/07,10:09:41,+0158315137,+0782027176,+00015287,15
XQ,+099791,-0096,+0504,-0109,2026/10/07,10:09:42,+0158315297,+0782027150,+00014058,16
XQ,+099805,-0099,+0504,-0110,2026/10/07,10:09:43,+0158315470,+0782027134,+00014173,16
XQ,+099813,-0100,+0504,-0109,2026/10/07,10:09:44,+0158315561,+0782027132,+00014578,16
XQ,+099826,-0102,+0504,-0111,2026/10/07,10:09:45,+0158315706,+0782027162,+00014436,16
XQ,+099843,-0104,+0505,-0110,2026/10/07,10:09:46,+0158315925,+0782027190,+00014804,16
XQ,+099851,-0108,+0506,-0114,2026/10/07,10:09:47,+0158316004,+0782027189,+00014647,16
XQ,+099862,-0105,+0506,-0113,2026/10/07,10:09:48,+0158316092,+0782027191,+00013647,16
XQ,+099881,-0102,+0507,-0111,2026/10/07,10:09:49,+0158316201,+0782027182,+00013613,16
XQ,+099888,-0106,+0508,-0114,2026/10/07,10:09:50,+0158316438,+0782027195,+00013993,16
XQ,+099898,-0109,+0508,-0114,2026/10/07,10:09:51,+0158316465,+0782027200,+00013120,16
XQ,+099913,-0111,+0510,-0115,2026/10/07,10:09:52,+0158316605,+0782027202,+00012391,16
XQ,+099927,-0112,+0511,-0115,2026/10/07,10:09:53,+0158316641,+0782027182,+00010834,16
XQ,+099939,-0108,+0512,-0115,2026/10/07,10:09:54,+0158316760,+0782027181,+00010394,16
XQ,+099948,-0105,+0513,-0115,2026/10/07,10:09:55,+0158316796,+0782027195,+00010241,16
XQ,+099965,-0103,+0512,-0114,2026/10/07,10:09:56,+0158316757,+0782027181,+00009548,16
XQ,+099977,-0100,+0512,-0113,2026/10/07,10:09:57,+0158316864,+0782027175,+00009346,16
XQ,+099989,-0099,+0512,-0113,2026/10/07,10:09:58,+0158317005,+0782027189,+00008883,16
XQ,+100000,-0099,+0512,-0113,2026/10/07,10:09:59,+0158317161,+0782027188,+00008606,16
XQ,+100005,-0099,+0512,-0111,2026/10/07,10:10:00,+0158317285,+0782027191,+00008286,16
XQ,+100019,-0100,+0513,-0111,2026/10/07,10:10:01,+0158317504,+0782027183,+00008674,16
XQ,+100034,-0103,+0515,-0111,2026/10/07,10:10:02,+0158317667,+0782027179,+00008231,16
XQ,+100044,-0106,+0518,-0113,2026/10/07,10:10:03,+0158317770,+0782027180,+00007190,16
XQ,+100060,-0106,+0522,-0114,2026/10/07,10:10:04,+0158317894,+0782027190,+00007124,16
XQ,+100055,-0109,+0526,-0115,2026/10/07,10:10:05,+0158317965,+0782027203,+00007188,16
XQ,+100061,-0101,+0525,-0114,2026/10/07,10:10:06,+0158317991,+0782027221,+00007522,16
XQ,+100063,-0088,+0523,-0110,2026/10/07,10:10:07,+0158317991,+0782027233,+00007924,16
XQ,+100057,-0082,+0520,-0109,2026/10/07,10:10:08,+0158317991,+0782027241,+00007973,16
XQ,+100061,-0091,+0521,-0109,2026/10/07,10:10:09,+0158317998,+0782027243,+00008195,16
XQ,+100060,-0095,+0520,-0109,2026/10/07,10:10:10,+0158318114,+0782027245,+00008574,16
XQ,+100053,-0087,+0519,-0105,2026/10/07,10:10:11,+0158318206,+0782027257,+00009035,16
XQ,+100060,-0085,+0517,-0105,2026/10/07,10:10:12,+0158318225,+0782027261,+00009114,16
XQ,+100055,-0084,+0515,-0104,2026/10/07,10:10:13,+0158318342,+0782027281,+00009733,16
XQ,+100056,-0086,+0514,-0102,2026/10/07,10:10:14,+0158318428,+0782027295,+00010008,16
XQ,+100059,-0090,+0514,-0104,2026/10/07,10:10:15,+0158318514,+0782027320,+00010267,16
XQ,+100060,-0089,+0512,-0104,2026/10/07,10:10:16,+0158318557,+0782027331,+00010378,16
XQ,+100067,-0092,+0513,-0104,2026/10/07,10:10:17,+0158318718,+0782027343,+00010435,16
XQ,+100073,-0093,+0512,-0102,2026/10/07,10:10:18,+0158318827,+0782027354,+00010124,16
XQ,+100087,-0093,+0512,-0104,2026/10/07,10:10:19,+0158318692,+0782027348,+00008720,16
XQ,+100095,-0091,+0513,-0102,2026/10/07,10:10:20,+0158318695,+0782027344,+00008612,16
XQ,+100101,-0093,+0514,-0104,2026/10/07,10:10:21,+0158318670,+0782027353,+00008486,16
XQ,+100100,-0098,+0517,-0104,2026/10/07,10:10:22,+0158318740,+0782027359,+00008924,16
XQ,+100092,-0094,+0517,-0107,2026/10/07,10:10:23,+0158318802,+0782027358,+00009567,16
XQ,+100098,-0092,+0517,-0107,2026/10/07,10:10:24,+0158318833,+0782027365,+00010020,16
XQ,+100097,-0094,+0518,-0105,2026/10/07,10:10:25,+0158318862,+0782027370,+00010463,16
XQ,+100099,-0096,+0520,-0107,2026/10/07,10:10:26,+0158318870,+0782027363,+00011083,16
XQ,+100097,-0095,+0520,-0107,2026/10/07,10:10:27,+0158318906,+0782027350,+00011601,16
XQ,+100103,-0090,+0520,-0107,2026/10/07,10:10:28,+0158318869,+0782027341,+00011364,16
XQ,+100104,-0093,+0522,-0107,2026/10/07,10:10:29,+0158318842,+0782027321,+00011223,16
XQ,+100106,-0095,+0523,-0107,2026/10/07,10:10:30,+0158318759,+0782027293,+00011225,16
XQ,+100101,-0091,+0523,-0105,2026/10/07,10:10:31,+0158318806,+0782027284,+00011900,16
XQ,+100098,-0090,+0522,-0107,2026/10/07,10:10:32,+0158318778,+0782027296,+00011848,16
XQ,+100100,-0090,+0520,-0105,2026/10/07,10:10:33,+0158318762,+0782027307,+00011756,16
XQ,+100097,-0090,+0519,-0105,2026/10/07,10:10:34,+0158318793,+0782027315,+00011916,16
XQ,+100093,-0090,+0518,-0105,2026/10/07,10:10:35,+0158318717,+0782027310,+00011875,16
XQ,+100095,-0093,+0517,-0107,2026/10/07,10:10:36,+0158318612,+0782027296,+00012194,16
XQ,+100098,-0096,+0517,-0107,2026/10/07,10:10:37,+0158318521,+0782027283,+00012246,16
XQ,+100098,-0095,+0517,-0109,2026/10/07,10:10:38,+0158318313,+0782027246,+00012884,16
XQ,+100093,-0099,+0517,-0110,2026/10/07,10:10:39,+0158318277,+0782027234,+00015174,16
XQ,+100080,-0100,+0517,-0111,2026/10/07,10:10:40,+0158318242,+0782027229,+00016743,16
XQ,+100072,-0104,+0519,-0113,2026/10/07,10:10:41,+0158318265,+0782027240,+00016922,16
XQ,+100067,-0102,+0519,-0114,2026/10/07,10:10:42,+0158318346,+0782027233,+00017413,16
XQ,+100070,-0104,+0519,-0114,2026/10/07,10:10:43,+0158318416,+0782027226,+00018094,16
XQ,+100068,-0107,+0520,-0117,2026/10/07,10:10:44,+0158318461,+0782027209,+00018225,16
XQ,+100068,-0109,+0520,-0117,2026/10/07,10:10:45,+0158318443,+0782027212,+00018619,16
XQ,+100067,-0111,+0521,-0118,2026/10/07,10:10:46,+0158318435,+0782027224,+00017939,16
XQ,+100070,-0107,+0522,-0118,2026/10/07,10:10:47,+0158318514,+0782027233,+00017739,16
XQ,+100072,-0108,+0523,-0120,2026/10/07,10:10:48,+0158318295,+0782027158,+00018592,16
XQ,+100069,-0113,+0524,-0118,2026/10/07,10:10:49,+0158318060,+0782027107,+00018317,16
XQ,+100059,-0117,+0524,-0120,2026/10/07,10:10:50,+0158318471,+0782027264,+00018046,16
XQ,+100054,-0112,+0525,-0118,2026/10/07,10:10:51,+0158319292,+0782027641,+00018504,16
XQ,+100047,-0104,+0525,-0117,2026/10/07,10:10:52,+0158319567,+0782028120,+00018310,16
XQ,+100051,-0103,+0525,-0117,2026/10/07,10:10:53,+0158318715,+0782028568,+00017693,16
XQ,+100047,-0108,+0525,-0118,2026/10/07,10:10:54,+0158316956,+0782028904,+00018177,16
XQ,+100050,-0106,+0525,-0117,2026/10/07,10:10:55,+0158314493,+0782029108,+00017075,16
XQ,+100061,-0111,+0525,-0117,2026/10/07,10:10:56,+0158311533,+0782029313,+00016041,16
XQ,+100062,-0103,+0525,-0117,2026/10/07,10:10:57,+0158309355,+0782029475,+00015396,16
XQ,+100078,-0102,+0525,-0115,2026/10/07,10:10:58,+0158308487,+0782029418,+00015488,16
XQ,+100081,-0099,+0524,-0115,2026/10/07,10:10:59,+0158307510,+0782029139,+00015030,16
XQ,+100071,-0085,+0525,-0113,2026/10/07,10:11:00,+0158306283,+0782028673,+00014818,16
XQ,+100080,-0072,+0528,-0107,2026/10/07,10:11:01,+0158305691,+0782028004,+00015189,16
XQ,+100071,-0080,+0534,-0102,2026/10/07,10:11:02,+0158305898,+0782027152,+00015275,16
XQ,+100055,-0089,+0537,-0101,2026/10/07,10:11:03,+0158307277,+0782026266,+00014809,16
XQ,+100034,-0103,+0537,-0102,2026/10/07,10:11:04,+0158309430,+0782025563,+00014870,16
XQ,+100059,-0103,+0535,-0105,2026/10/07,10:11:05,+0158310707,+0782025215,+00014990,16
XQ,+100056,-0106,+0533,-0104,2026/10/07,10:11:06,+0158311001,+0782025254,+00014775,16
XQ,+100063,-0105,+0532,-0105,2026/10/07,10:11:07,+0158310357,+0782025601,+00014655,16
XQ,+100059,-0104,+0531,-0107,2026/10/07,10:11:08,+0158308670,+0782026123,+00014215,16
XQ,+100050,-0104,+0533,-0109,2026/10/07,10:11:09,+0158306082,+0782026687,+00013345,16
XQ,+100042,-0100,+0534,-0107,2026/10/07,10:11:10,+0158304086,+0782027083,+00012824,16
XQ,+100060,-0102,+0535,-0104,2026/10/07,10:11:11,+0158303408,+0782027190,+00012626,16
XQ,+100071,-0108,+0535,-0105,2026/10/07,10:11:12,+0158303376,+0782027196,+00012705,16
XQ,+100072,-0109,+0533,-0107,2026/10/07,10:11:13,+0158303418,+0782027211,+00012735,16
XQ,+100071,-0110,+0533,-0107,2026/10/07,10:11:14,+0158302754,+0782027281,+00012613,16
XQ,+100042,-0109,+0535,-0111,2026/10/07,10:11:15,+0158301489,+0782027454,+00012510,16
XQ,+100058,-0116,+0538,-0113,2026/10/07,10:11:16,+0158301418,+0782027615,+00012563,16
XQ,+100054,-0115,+0540,-0113,2026/10/07,10:11:17,+0158302988,+0782027641,+00012251,16
XQ,+100051,-0103,+0540,-0111,2026/10/07,10:11:18,+0158305013,+0782027465,+00012257,16
XQ,+100066,-0100,+0538,-0111,2026/10/07,10:11:19,+0158306080,+0782027021,+00012417,16
XQ,+100069,-0097,+0535,-0110,2026/10/07,10:11:20,+0158306361,+0782026596,+00012146,16
XQ,+100063,-0105,+0533,-0110,2026/10/07,10:11:21,+0158306247,+0782026505,+00012114,16
XQ,+100061,-0107,+0532,-0111,2026/10/07,10:11:22,+0158305129,+0782026680,+00011513,16
XQ,+100062,-0108,+0533,-0113,2026/10/07,10:11:23,+0158302794,+0782026975,+00010951,16
XQ,+100053,-0108,+0532,-0113,2026/10/07,10:11:24,+0158300127,+0782027434,+00010729,16
XQ,+100067,-0107,+0531,-0111,2026/10/07,10:11:25,+0158298763,+0782028037,+00010692,16
XQ,+100068,-0106,+0531,-0113,2026/10/07,10:11:26,+0158299367,+0782028607,+00011009,16
XQ,+100057,-0105,+0532,-0113,2026/10/07,10:11:27,+0158301844,+0782029057,+00011665,16
XQ,+100049,-0104,+0533,-0113,2026/10/07,10:11:28,+0158305597,+0782029291,+00012010,16
XQ,+100021,-0107,+0532,-0111,2026/10/07,10:11:29,+0158308790,+0782029366,+00012462,16
XQ,+100047,-0110,+0532,-0111,2026/10/07,10:11:30,+0158310293,+0782029486,+00012509,16
XQ,+100038,-0112,+0533,-0113,2026/10/07,10:11:31,+0158310557,+0782029738,+00011896,16
XQ,+100033,-0109,+0534,-0113,2026/10/07,10:11:32,+0158310433,+0782029904,+00011221,16
XQ,+100053,-0110,+0536,-0111,2026/10/07,10:11:33,+0158310481,+0782029923,+00011381,16
XQ,+100051,-0114,+0537,-0113,2026/10/07,10:11:34,+0158310019,+0782029966,+00011635,16
XQ,+100051,-0113,+0538,-0114,2026/10/07,10:11:35,+0158308566,+0782029962,+00012196,16
XQ,+100029,-0113,+0539,-0115,2026/10/07,10:11:36,+0158306628,+0782029834,+00012671,16
XQ,+100056,-0111,+0538,-0114,2026/10/07,10:11:37,+0158305857,+0782029590,+00013324,16
XQ,+100068,-0105,+0538,-0113,2026/10/07,10:11:38,+0158306656,+0782029200,+00013402,16
XQ,+100066,-0098,+0539,-0111,2026/10/07,10:11:39,+0158307832,+0782028767,+00012807,16
XQ,+100057,-0109,+0540,-0113,2026/10/07,10:11:40,+0158308612,+0782028525,+00013150,16
XQ,+100068,-0111,+0540,-0114,2026/10/07,10:11:41,+0158309087,+0782028416,+00012417,16
XQ,+100054,-0112,+0540,-0115,2026/10/07,10:11:42,+0158308931,+0782028243,+00012317,16
XQ,+100060,-0110,+0539,-0114,2026/10/07,10:11:43,+0158307301,+0782027899,+00011283,16
XQ,+100048,-0108,+0539,-0114,2026/10/07,10:11:44,+0158305122,+0782027466,+00010993,16
XQ,+100048,-0112,+0539,-0115,2026/10/07,10:11:45,+0158303369,+0782027144,+00010629,16
XQ,+100059,-0114,+0539,-0117,2026/10/07,10:11:46,+0158302767,+0782027026,+00010052,16
XQ,+100052,-0113,+0539,-0115,2026/10/07,10:11:47,+0158302783,+0782027027,+00010497,16
XQ,+100057,-0114,+0539,-0117,2026/10/07,10:11:48,+0158302860,+0782027016,+00010110,16
XQ,+100059,-0118,+0541,-0120,2026/10/07,10:11:49,+0158302845,+0782026991,+00010155,16
XQ,+100055,-0119,+0542,-0120,2026/10/07,10:11:50,+0158302751,+0782026987,+00010685,16
XQ,+100061,-0117,+0543,-0121,2026/10/07,10:11:51,+0158302466,+0782026938,+00009656,16
XQ,+100067,-0119,+0545,-0120,2026/10/07,10:11:52,+0158301916,+0782026876,+00009493,16
XQ,+100063,-0119,+0546,-0121,2026/10/07,10:11:53,+0158301717,+0782026832,+00009453,16
XQ,+100071,-0115,+0548,-0118,2026/10/07,10:11:54,+0158301781,+0782026839,+00009183,16
XQ,+100076,-0116,+0549,-0120,2026/10/07,10:11:55,+0158301868,+0782026833,+00008613,16
XQ,+100081,-0122,+0550,-0121,2026/10/07,10:11:56,+0158301781,+0782026805,+00008529,16
XQ,+100080,-0124,+0553,-0121,2026/10/07,10:11:57,+0158301698,+0782026784,+00008742,16
XQ,+100077,-0125,+0556,-0123,2026/10/07,10:11:58,+0158301745,+0782026782,+00008338,16
XQ,+100074,-0125,+0558,-0121,2026/10/07,10:11:59,+0158301888,+0782026796,+00008072,16
XQ,+100076,-0125,+0559,-0123,2026/10/07,10:12:00,+0158301912,+0782026812,+00008176,16
XQ,+100078,-0127,+0562,-0121,2026/10/07,10:12:01,+0158301980,+0782026829,+00008181,16
XQ,+100084,-0128,+0564,-0123,2026/10/07,10:12:02,+0158302039,+0782026829,+00008267,16
XQ,+100092,-0129,+0567,-0123,2026/10/07,10:12:03,+0158302011,+0782026819,+00007977,16
XQ,+100095,-0132,+0569,-0125,2026/10/07,10:12:04,+0158302056,+0782026805,+00008174,15
XQ,+100105,-0132,+0571,-0125,2026/10/07,10:12:05,+0158302014,+0782026797,+00007683,15
XQ,+100113,-0132,+0573,-0127,2026/10/07,10:12:06,+0158302091,+0782026790,+00007575,16
XQ,+100118,-0133,+0575,-0127,2026/10/07,10:12:07,+0158302131,+0782026774,+00007094,16
XQ,+100125,-0136,+0578,-0129,2026/10/07,10:12:08,+0158302097,+0782026765,+00006954,16
XQ,+100134,-0143,+0586,-0131,2026/10/07,10:12:09,+0158302102,+0782026755,+00006527,16
XQ,+100136,-0149,+0596,-0131,2026/10/07,10:12:10,+0158302154,+0782026758,+00006117,16
XQ,+100135,-0154,+0605,-0134,2026/10/07,10:12:11,+0158302044,+0782026756,+00005853,15
XQ,+100137,-0154,+0609,-0134,2026/10/07,10:12:12,+0158301996,+0782026764,+00006619,15
XQ,+100135,-0148,+0614,-0137,2026/10/07,10:12:13,+0158301999,+0782026775,+00007030,15
XQ,+100132,-0147,+0616,-0134,2026/10/07,10:12:14,+0158302037,+0782026789,+00007559,14
XQ,+100136,-0145,+0620,-0135,2026/10/07,10:12:15,+0158302135,+0782026800,+00008126,15
XQ,+100133,-0144,+0622,-0135,2026/10/07,10:12:16,+0158302195,+0782026807,+00008425,15
XQ,+100136,-0144,+0626,-0135,2026/10/07,10:12:17,+0158302259,+0782026814,+00008903,16
XQ,+100136,-0145,+0629,-0134,2026/10/07,10:12:18,+0158302330,+0782026822,+00009148,16
XQ,+100135,-0144,+0634,-0135,2026/10/07,10:12:19,+0158302429,+0782026836,+00009443,16
XQ,+100136,-0147,+0637,-0135,2026/10/07,10:12:20,+0158302499,+0782026849,+00009897,15
XQ,+100140,-0150,+0640,-0137,2026/10/07,10:12:21,+0158302503,+0782026857,+00010157,15
XQ,+100137,-0149,+0642,-0138,2026/10/07,10:12:22,+0158302549,+0782026869,+00010494,16
XQ,+100136,-0145,+0641,-0137,2026/10/07,10:12:23,+0158302586,+0782026879,+00010412,16
XQ,+100135,-0141,+0642,-0135,2026/10/07,10:12:24,+0158302662,+0782026884,+00010667,16
XQ,+100139,-0141,+0644,-0137,2026/10/07,10:12:25,+0158302657,+0782026888,+00010483,16
XQ,+100135,-0142,+0643,-0137,2026/10/07,10:12:26,+0158302669,+0782026895,+00010669,15
XQ,+100137,-0141,+0645,-0135,2026/10/07,10:12:27,+0158302694,+0782026899,+00010727,15
XQ,+100137,-0142,+0647,-0137,2026/10/07,10:12:28,+0158302736,+0782026903,+00010889,15
XQ,+100139,-0145,+0646,-0137,2026/10/07,10:12:29,+0158302747,+0782026905,+00010763,15
XQ,+100135,-0143,+0647,-0137,2026/10/07,10:12:30,+0158302748,+0782026906,+00010731,15
XQ,+100140,-0143,+0648,-0137,2026/10/07,10:12:31,+0158302669,+0782026906,+00010414,16
XQ,+100137,-0143,+0652,-0137,2026/10/07,10:12:32,+0158302609,+0782026907,+00010155,16
XQ,+100140,-0144,+0653,-0138,2026/10/07,10:12:33,+0158302575,+0782026911,+00010106,16
XQ,+100139,-0142,+0655,-0137,2026/10/07,10:12:34,+0158302608,+0782026914,+00010618,16
XQ,+100140,-0142,+0659,-0135,2026/10/07,10:12:35,+0158302579,+0782026914,+00010649,16
XQ,+100138,-0143,+0662,-0138,2026/10/07,10:12:36,+0158302555,+0782026913,+00010758,16
XQ,+100136,-0147,+0663,-0137,2026/10/07,10:12:37,+0158302514,+0782026910,+00010285,16
XQ,+100141,-0145,+0664,-0138,2026/10/07,10:12:38,+0158302524,+0782026912,+00010039,16
XQ,+100139,-0146,+0667,-0138,2026/10/07,10:12:39,+0158302529,+0782026910,+00009816,16
XQ,+100139,-0148,+0669,-0138,2026/10/07,10:12:40,+0158302501,+0782026910,+00009161,16
XQ,+100139,-0150,+0672,-0140,2026/10/07,10:12:41,+0158302488,+0782026910,+00008656,16
XQ,+100137,-0152,+0675,-0140,2026/10/07,10:12:42,+0158302483,+0782026908,+00008369,16
XQ,+100137,-0153,+0676,-0140,2026/10/07,10:12:43,+0158302484,+0782026904,+00007986,16
XQ,+100137,-0150,+0674,-0140,2026/10/07,10:12:44,+0158302508,+0782026903,+00007966,16
XQ,+100140,-0147,+0673,-0141,2026/10/07,10:12:45,+0158302495,+0782026899,+00007627,16
XQ,+100138,-0147,+0673,-0140,2026/10/07,10:12:46,+0158302475,+0782026897,+00007220,16
XQ,+100135,-0146,+0672,-0140,2026/10/07,10:12:47,+0158302452,+0782026900,+00006910,16
XQ,+100139,-0147,+0668,-0141,2026/10/07,10:12:48,+0158302451,+0782026901,+00006941,16
XQ,+100138,-0147,+0668,-0142,2026/10/07,10:12:49,+0158302416,+0782026902,+00006644,16
XQ,+100136,-0146,+0666,-0141,2026/10/07,10:12:50,+0158302367,+0782026902,+00006374,16
XQ,+100139,-0146,+0667,-0141,2026/10/07,10:12:51,+0158302366,+0782026904,+00006213,16
XQ,+100137,-0146,+0666,-0141,2026/10/07,10:12:52,+0158302389,+0782026908,+00006034,16
XQ,+100138,-0146,+0667,-0141,2026/10/07,10:12:53,+0158302422,+0782026908,+00006067,16
XQ,+100135,-0147,+0668,-0140,2026/10/07,10:12:54,+0158302427,+0782026905,+00005830,16
XQ,+100138,-0146,+0667,-0141,2026/10/07,10:12:55,+0158302469,+0782026902,+00005795,16
XQ,+100135,-0143,+0665,-0141,2026/10/07,10:12:56,+0158302506,+0782026901,+00005576,16
XQ,+100137,-0141,+0664,-0140,2026/10/07,10:12:57,+0158302507,+0782026899,+00005240,16
XQ,+100141,-0140,+0662,-0141,2026/10/07,10:12:58,+0158302530,+0782026897,+00005134,16
XQ,+100138,-0140,+0663,-0141,2026/10/07,10:12:59,+0158302560,+0782026898,+00005302,16
XQ,+100138,-0142,+0661,-0140,2026/10/07,10:13:00,+0158302569,+0782026898,+00005397,16
XQ,+100140,-0137,+0660,-0140,2026/10/07,10:13:01,+0158302595,+0782026895,+00005716,16
XQ,+100135,-0138,+0658,-0140,2026/10/07,10:13:02,+0158302605,+0782026891,+00005957,16
XQ,+100140,-0135,+0656,-0140,2026/10/07,10:13:03,+0158302611,+0782026887,+00006231,16
XQ,+100136,-0135,+0656,-0140,2026/10/07,10:13:04,+0158302625,+0782026881,+00006527,16
XQ,+100138,-0137,+0656,-0138,2026/10/07,10:13:05,+0158302625,+0782026874,+00006682,16
XQ,+100139,-0139,+0660,-0138,2026/10/07,10:13:06,+0158302631,+0782026875,+00006701,16
XQ,+100140,-0145,+0662,-0140,2026/10/07,10:13:07,+0158302627,+0782026872,+00006518,16
XQ,+100138,-0149,+0663,-0140,2026/10/07,10:13:08,+0158302629,+0782026872,+00006275,16
XQ,+100137,-0150,+0664,-0140,2026/10/07,10:13:09,+0158302628,+0782026876,+00006337,16
XQ,+100136,-0148,+0665,-0141,2026/10/07,10:13:10,+0158302649,+0782026878,+00006204,16
XQ,+100140,-0146,+0667,-0140,2026/10/07,10:13:11,+0158302680,+0782026882,+00006120,16
XQ,+100142,-0147,+0668,-0140,2026/10/07,10:13:12,+0158302735,+0782026886,+00006077,16
XQ,+100140,-0149,+0670,-0141,2026/10/07,10:13:13,+0158302790,+0782026882,+00005891,16
XQ,+100143,-0153,+0668,-0142,2026/10/07,10:13:14,+0158302823,+0782026875,+00006578,16
XQ,+100146,-0151,+0665,-0142,2026/10/07,10:13:15,+0158302823,+0782026868,+00006964,16
XQ,+100142,-0152,+0664,-0141,2026/10/07,10:13:16,+0158302860,+0782026865,+00007160,16
XQ,+100141,-0153,+0664,-0142,2026/10/07,10:13:17,+0158302860,+0782026860,+00007245,16
XQ,+100139,-0153,+0664,-0144,2026/10/07,10:13:18,+0158302847,+0782026857,+00007526,16
XQ,+100141,-0154,+0667,-0144,2026/10/07,10:13:19,+0158302797,+0782026855,+00006961,16
