Flight time,Altitude,Home Distance,Wind Direction,Wind Speed
00m 19s,4.6,0,253,2.59
00m 20s,5.5,0,252,2.52
00m 21s,6.5,0,252,2.47
00m 22s,7.5,0,253,2.44
00m 23s,8.5,0,252,2.47
00m 24s,9.4,0,249,2.59
00m 25s,10.4,0,247,2.65
00m 26s,11.3,1,244,2.58
00m 27s,12.3,1,244,2.58
00m 28s,13.3,1,246,2.42
00m 29s,14.2,1,248,2.16
00m 30s,15.3,1,241,1.98
00m 31s,16.3,1,231,2.08
00m 32s,17.2,1,218,2.23
00m 33s,18.1,1,212,2.32
00m 34s,19.0,1,216,2.17
00m 35s,19.9,1,229,1.83
00m 36s,20.7,1,249,2.12
00m 37s,21.6,0,248,2.89
00m 49s,33.0,1,276,1.95
00m 55s,37.4,1,265,1.38
00m 56s,38.2,1,255,1.18
00m 57s,39.0,1,253,1.03
00m 58s,39.9,0,255,0.96
00m 59s,40.7,0,253,0.97
01m 00s,41.7,0,262,0.92
01m 01s,42.6,0,267,1.03
01m 02s,43.5,1,266,1.11
01m 03s,44.4,1,256,1.26
01m 04s,45.4,1,254,1.37
01m 05s,46.3,1,255,1.39
01m 06s,47.1,1,246,1.53
01m 07s,48.0,1,246,1.42
01m 08s,49.0,1,243,1.38
01m 09s,49.8,1,238,1.44
01m 10s,49.7,1,243,1.35
01m 11s,49.6,1,253,1.47
01m 12s,49.6,1,263,1.55
01m 13s,49.5,0,270,1.68
01m 14s,49.6,0,272,1.85
01m 15s,49.6,0,278,1.87
01m 16s,49.6,0,281,2.06
01m 26s,48.8,1,270,3.41
01m 27s,49.0,1,262,3.06
01m 28s,49.0,1,245,2.57
01m 29s,49.1,1,224,2.50
01m 30s,49.3,2,206,2.82
01m 35s,49.1,8,243,2.52
01m 36s,49.1,9,245,2.65
01m 37s,49.1,10,248,2.81
01m 38s,49.1,11,247,2.80
01m 39s,49.0,12,246,2.79
01m 40s,49.0,14,246,2.70
01m 41s,49.0,15,245,2.58
01m 42s,49.1,16,245,2.51
01m 43s,49.0,17,243,2.45
01m 44s,48.9,18,240,2.47
01m 45s,48.9,20,245,2.42
01m 46s,48.9,21,248,2.45
01m 47s,49.0,22,253,2.61
01m 48s,49.0,24,258,2.83
01m 49s,49.1,25,258,2.99
01m 50s,49.1,26,256,3.07
01m 51s,49.2,27,252,3.13
01m 52s,49.1,28,247,3.16
01m 53s,49.1,29,243,3.26
01m 54s,49.1,31,242,3.29
01m 55s,49.1,32,243,3.26
01m 56s,49.1,33,243,3.17
01m 57s,49.1,34,241,3.12
01m 58s,49.1,35,238,3.05
01m 59s,49.1,36,239,3.14
02m 00s,49.2,37,240,3.21
02m 01s,49.2,39,242,3.30
02m 02s,49.2,40,244,3.49
02m 03s,49.1,41,243,3.58
02m 04s,49.0,42,242,3.54
02m 05s,49.1,43,243,3.43
02m 06s,49.2,45,244,3.34
02m 07s,49.3,46,245,3.26
02m 08s,49.2,47,246,3.30
02m 09s,49.2,48,246,3.31
02m 10s,49.2,50,248,3.38
02m 11s,49.2,51,246,3.35
02m 12s,49.3,52,245,3.28
02m 13s,49.2,53,245,3.32
02m 14s,49.3,55,242,3.31
02m 15s,49.2,56,241,3.34
02m 16s,49.2,57,240,3.42
02m 17s,49.1,58,238,3.43
02m 18s,49.0,59,237,3.38
02m 19s,48.9,61,236,3.48
02m 20s,48.9,62,238,3.53
02m 21s,48.9,63,240,3.51
02m 22s,49.0,65,241,3.49
02m 23s,49.1,66,241,3.43
02m 24s,49.1,67,239,3.35
02m 25s,49.2,68,235,3.36
02m 26s,49.1,69,229,3.38
02m 27s,49.1,70,219,3.20
02m 28s,49.1,72,234,3.54
02m 29s,49.1,73,224,3.55
02m 30s,49.0,74,233,4.08
02m 31s,49.0,75,230,4.21
02m 32s,49.0,77,226,4.31
02m 33s,48.8,78,235,4.50
02m 34s,48.9,79,235,4.33
02m 35s,48.8,80,234,4.26
02m 36s,48.8,81,234,4.14
02m 37s,48.9,82,235,3.97
02m 38s,48.9,84,236,3.86
02m 39s,49.0,85,237,3.79
02m 40s,49.0,86,238,3.72
02m 41s,49.0,87,239,3.70
02m 42s,49.0,89,240,3.72
02m 43s,49.0,90,239,3.69
02m 44s,49.0,91,240,3.69
02m 45s,48.9,92,239,3.72
02m 46s,49.0,94,236,3.65
02m 47s,49.0,95,235,3.68
02m 48s,49.0,96,230,3.71
02m 49s,49.0,97,236,3.99
02m 50s,49.0,99,232,3.99
02m 51s,49.0,100,232,4.01
02m 52s,48.9,101,234,4.01
02m 53s,48.9,102,239,3.99
02m 54s,48.9,103,239,3.88
02m 55s,48.8,104,239,3.82
02m 56s,48.8,106,239,3.72
02m 57s,48.8,107,239,3.67
02m 58s,48.8,108,239,3.65
02m 59s,48.8,109,239,3.63
03m 00s,48.8,110,239,3.67
03m 01s,48.7,112,240,3.70
03m 02s,48.8,113,241,3.70
03m 03s,48.8,114,241,3.72
03m 04s,48.8,115,242,3.71
03m 05s,48.8,116,244,3.70
03m 06s,48.8,118,245,3.68
03m 07s,48.9,119,246,3.61
03m 08s,48.8,120,246,3.55
03m 09s,48.9,121,246,3.52
03m 10s,49.0,123,245,3.59
03m 11s,49.0,124,242,3.67
03m 12s,49.0,125,240,3.72
03m 13s,49.0,126,238,3.80
03m 14s,49.0,127,238,3.85
03m 15s,49.0,128,241,3.91
03m 16s,49.0,130,243,3.93
03m 17s,48.9,131,246,3.97
03m 18s,48.9,132,246,3.97
03m 19s,49.0,133,243,3.93
03m 20s,49.0,134,241,4.02
03m 21s,49.0,136,239,4.06
03m 22s,49.0,137,237,4.04
03m 23s,49.0,138,236,4.09
03m 24s,49.1,139,237,4.12
03m 25s,49.1,140,237,4.14
03m 26s,49.1,142,239,4.24
03m 27s,49.1,143,239,4.27
03m 28s,49.1,144,239,4.20
03m 29s,49.1,145,238,4.18
03m 30s,49.0,146,238,4.16
03m 31s,49.1,148,237,4.18
03m 32s,49.0,149,237,4.27
03m 33s,49.0,150,238,4.34
03m 34s,49.1,151,238,4.45
03m 35s,49.1,152,239,4.55
03m 36s,49.2,154,241,4.69
03m 37s,49.1,155,242,4.79
03m 38s,49.1,156,244,4.77
03m 39s,49.0,158,246,4.66
03m 40s,48.9,159,246,4.51
03m 41s,49.0,160,246,4.33
03m 42s,49.0,161,247,4.17
03m 43s,49.1,163,247,4.02
03m 44s,49.1,164,248,3.86
03m 45s,49.1,165,251,3.77
03m 46s,49.2,166,250,3.76
03m 47s,49.2,168,248,3.84
03m 48s,49.2,169,246,3.93
03m 49s,49.2,170,242,4.02
03m 50s,49.2,171,242,4.08
03m 51s,49.1,172,242,4.13
03m 52s,49.1,174,243,4.19
03m 53s,49.1,175,243,4.20
03m 54s,49.1,176,243,4.20
03m 55s,49.1,177,243,4.19
03m 56s,49.1,179,243,4.13
03m 57s,49.1,180,243,4.09
03m 58s,49.1,181,244,4.05
03m 59s,49.1,182,243,4.03
04m 00s,49.1,184,243,4.01
04m 01s,49.1,185,243,3.97
04m 02s,49.1,186,244,3.92
04m 03s,49.1,187,244,3.87
04m 04s,49.1,189,244,3.83
04m 05s,49.1,190,244,3.80
04m 06s,49.0,191,244,3.81
04m 07s,49.0,193,245,3.81
04m 08s,49.0,194,245,3.81
04m 09s,49.0,195,245,3.85
04m 10s,49.0,196,245,3.82
04m 11s,49.0,198,245,3.78
04m 12s,49.0,199,245,3.75
04m 13s,49.0,200,245,3.69
04m 14s,49.0,201,245,3.70
04m 15s,49.0,203,244,3.72
04m 16s,48.9,204,244,3.74
04m 17s,49.0,205,244,3.75
04m 18s,49.0,206,244,3.77
04m 19s,49.0,208,244,3.79
04m 20s,48.9,209,243,3.77
04m 21s,49.0,210,243,3.76
04m 22s,49.0,211,243,3.74
04m 23s,49.0,213,243,3.80
04m 24s,48.9,214,243,3.87
04m 25s,49.0,215,244,3.91
04m 30s,49.1,216,243,4.07
04m 31s,49.2,216,240,3.90
04m 32s,49.2,216,242,3.66
04m 44s,49.3,216,245,3.55
04m 45s,49.2,216,244,3.58
04m 46s,49.1,216,245,3.74
04m 47s,49.1,217,246,3.84
04m 48s,49.0,216,248,3.95
